matricula,data,codigo_situacao
37684,15/12/2025,15
37636,15/12/2025,15
37635,15/12/2025,15
37632,15/12/2025,15
37624,15/12/2025,15
37617,15/12/2025,15
37565,15/12/2025,15
37145,15/12/2025,15
37012,15/12/2025,15
36983,15/12/2025,15
36941,15/12/2025,15
36938,15/12/2025,15
36934,15/12/2025,15
36930,15/12/2025,15
36928,15/12/2025,15
36756,15/12/2025,15
36631,15/12/2025,15
36523,15/12/2025,15
36476,15/12/2025,15
36473,15/12/2025,15
36472,15/12/2025,15
36455,15/12/2025,15
36445,15/12/2025,15
36331,15/12/2025,15
36284,15/12/2025,15
36218,15/12/2025,15
35548,15/12/2025,15
35547,15/12/2025,15
35515,15/12/2025,15
35453,15/12/2025,15
35260,15/12/2025,15
35255,15/12/2025,15
35230,15/12/2025,15
35167,15/12/2025,15
35091,15/12/2025,15
35082,15/12/2025,15
35079,15/12/2025,15
35078,15/12/2025,15
35075,15/12/2025,15
35067,15/12/2025,15
35052,15/12/2025,15
35048,15/12/2025,15
35010,15/12/2025,15
34981,15/12/2025,15
34979,15/12/2025,15
34673,15/12/2025,15
34470,15/12/2025,15
34468,15/12/2025,15
34465,15/12/2025,15
34409,15/12/2025,15
34398,15/12/2025,15
34296,15/12/2025,15
34189,15/12/2025,15
34172,15/12/2025,15
34165,15/12/2025,15
34108,15/12/2025,15
33949,15/12/2025,15
33910,15/12/2025,15
33837,15/12/2025,15
33749,15/12/2025,15
33443,15/12/2025,15
33363,15/12/2025,15
33361,15/12/2025,15
33307,15/12/2025,15
33299,15/12/2025,15
33232,15/12/2025,15
33199,15/12/2025,15
33115,15/12/2025,15
33088,15/12/2025,15
32945,15/12/2025,15
32828,15/12/2025,15
32716,15/12/2025,15
32614,15/12/2025,15
32613,15/12/2025,15
32583,15/12/2025,15
32565,15/12/2025,15
32545,15/12/2025,15
32139,15/12/2025,15
32103,15/12/2025,15
31960,15/12/2025,15
31891,15/12/2025,15
31871,15/12/2025,15
31363,15/12/2025,15
31334,15/12/2025,15
30922,15/12/2025,15
30909,15/12/2025,15
30894,15/12/2025,15
30805,15/12/2025,15
30396,15/12/2025,15
30352,15/12/2025,15
30349,15/12/2025,15
30195,15/12/2025,15
30174,15/12/2025,15
30026,15/12/2025,15
29996,15/12/2025,15
29990,15/12/2025,15
29776,15/12/2025,15
29008,15/12/2025,15
28758,15/12/2025,15
28748,15/12/2025,15
28664,15/12/2025,15
28650,15/12/2025,15
28647,15/12/2025,15
28240,15/12/2025,15
28226,15/12/2025,15
27504,15/12/2025,15
27474,15/12/2025,15
27445,15/12/2025,15
27057,15/12/2025,15
25936,15/12/2025,15
25916,15/12/2025,15
25673,15/12/2025,15
25656,15/12/2025,15
25610,15/12/2025,15
25594,15/12/2025,15
25576,15/12/2025,15
23592,15/12/2025,15
22726,15/12/2025,15
22379,15/12/2025,15
21734,15/12/2025,15
19789,15/12/2025,15
18967,15/12/2025,15
18862,15/12/2025,15
18552,15/12/2025,15
15275,15/12/2025,15
14928,15/12/2025,15
14692,15/12/2025,15
11312,15/12/2025,15
10570,15/12/2025,15
37636,14/12/2025,15
37635,14/12/2025,15
37565,14/12/2025,15
37145,14/12/2025,15
37012,14/12/2025,15
36985,14/12/2025,15
36978,14/12/2025,15
36945,14/12/2025,15
36938,14/12/2025,15
36936,14/12/2025,15
36934,14/12/2025,15
36930,14/12/2025,15
36928,14/12/2025,15
36756,14/12/2025,15
36751,14/12/2025,15
36742,14/12/2025,15
36631,14/12/2025,15
36553,14/12/2025,15
36549,14/12/2025,15
36473,14/12/2025,15
36472,14/12/2025,15
36445,14/12/2025,15
36401,14/12/2025,15
36398,14/12/2025,15
36303,14/12/2025,15
36284,14/12/2025,15
36263,14/12/2025,15
35548,14/12/2025,15
35228,14/12/2025,15
35089,14/12/2025,15
35082,14/12/2025,15
35079,14/12/2025,15
35078,14/12/2025,15
35075,14/12/2025,15
35072,14/12/2025,15
35067,14/12/2025,15
35048,14/12/2025,15
35043,14/12/2025,15
35010,14/12/2025,15
34981,14/12/2025,15
34979,14/12/2025,15
34977,14/12/2025,15
34653,14/12/2025,15
34468,14/12/2025,15
34465,14/12/2025,15
34409,14/12/2025,15
34398,14/12/2025,15
34296,14/12/2025,15
34189,14/12/2025,15
34172,14/12/2025,15
34165,14/12/2025,15
34108,14/12/2025,15
34059,14/12/2025,15
34057,14/12/2025,15
34052,14/12/2025,15
34023,14/12/2025,15
33949,14/12/2025,15
33800,14/12/2025,15
33749,14/12/2025,15
33443,14/12/2025,15
33361,14/12/2025,15
33359,14/12/2025,15
33357,14/12/2025,15
33347,14/12/2025,15
33322,14/12/2025,15
33311,14/12/2025,15
33307,14/12/2025,15
33190,14/12/2025,15
33185,14/12/2025,15
33115,14/12/2025,15
33086,14/12/2025,15
32875,14/12/2025,15
32861,14/12/2025,15
32828,14/12/2025,15
32790,14/12/2025,15
32716,14/12/2025,15
32677,14/12/2025,15
32614,14/12/2025,15
32613,14/12/2025,15
32583,14/12/2025,15
32498,14/12/2025,15
32273,14/12/2025,15
32139,14/12/2025,15
31960,14/12/2025,15
31911,14/12/2025,15
31891,14/12/2025,15
31489,14/12/2025,15
31334,14/12/2025,15
31325,14/12/2025,15
31305,14/12/2025,15
30925,14/12/2025,15
30922,14/12/2025,15
30909,14/12/2025,15
30893,14/12/2025,15
30805,14/12/2025,15
30352,14/12/2025,15
29996,14/12/2025,15
29857,14/12/2025,15
29776,14/12/2025,15
28758,14/12/2025,15
28748,14/12/2025,15
28746,14/12/2025,15
28663,14/12/2025,15
28647,14/12/2025,15
28341,14/12/2025,15
28300,14/12/2025,15
28226,14/12/2025,15
28213,14/12/2025,15
27501,14/12/2025,15
27057,14/12/2025,15
26077,14/12/2025,15
25936,14/12/2025,15
25766,14/12/2025,15
25755,14/12/2025,15
25754,14/12/2025,15
25688,14/12/2025,15
25673,14/12/2025,15
25656,14/12/2025,15
25610,14/12/2025,15
25591,14/12/2025,15
25576,14/12/2025,15
24179,14/12/2025,15
22726,14/12/2025,15
21734,14/12/2025,15
20905,14/12/2025,15
19895,14/12/2025,15
19780,14/12/2025,15
19729,14/12/2025,15
19297,14/12/2025,15
19022,14/12/2025,15
18967,14/12/2025,15
18862,14/12/2025,15
18847,14/12/2025,15
18552,14/12/2025,15
18433,14/12/2025,15
17822,14/12/2025,15
17410,14/12/2025,15
16779,14/12/2025,15
16159,14/12/2025,15
16153,14/12/2025,15
16136,14/12/2025,15
14928,14/12/2025,15
14604,14/12/2025,15
12917,14/12/2025,15
11312,14/12/2025,15
37636,13/12/2025,15
37635,13/12/2025,15
37632,13/12/2025,15
37624,13/12/2025,15
37565,13/12/2025,15
37145,13/12/2025,15
37012,13/12/2025,15
36993,13/12/2025,15
36985,13/12/2025,15
36938,13/12/2025,15
36936,13/12/2025,15
36934,13/12/2025,15
36930,13/12/2025,15
36928,13/12/2025,15
36756,13/12/2025,15
36742,13/12/2025,15
36549,13/12/2025,15
36476,13/12/2025,15
36475,13/12/2025,15
36331,13/12/2025,15
36303,13/12/2025,15
36284,13/12/2025,15
36263,13/12/2025,15
36218,13/12/2025,15
35548,13/12/2025,15
35547,13/12/2025,15
35474,13/12/2025,15
35453,13/12/2025,15
35260,13/12/2025,15
35255,13/12/2025,15
35228,13/12/2025,15
35082,13/12/2025,15
35078,13/12/2025,15
35048,13/12/2025,15
35043,13/12/2025,15
34981,13/12/2025,15
34979,13/12/2025,15
34977,13/12/2025,15
34468,13/12/2025,15
34465,13/12/2025,15
34409,13/12/2025,15
34399,13/12/2025,15
34398,13/12/2025,15
34296,13/12/2025,15
34189,13/12/2025,15
34172,13/12/2025,15
34165,13/12/2025,15
34108,13/12/2025,15
34057,13/12/2025,15
34027,13/12/2025,15
33949,13/12/2025,15
33908,13/12/2025,15
33800,13/12/2025,15
33749,13/12/2025,15
33570,13/12/2025,15
33477,13/12/2025,15
33443,13/12/2025,15
33361,13/12/2025,15
33354,13/12/2025,15
33347,13/12/2025,15
33322,13/12/2025,15
33311,13/12/2025,15
33307,13/12/2025,15
33213,13/12/2025,15
33190,13/12/2025,15
33183,13/12/2025,15
33115,13/12/2025,15
33108,13/12/2025,15
33058,13/12/2025,15
32945,13/12/2025,15
32875,13/12/2025,15
32861,13/12/2025,15
32858,13/12/2025,15
32790,13/12/2025,15
32716,13/12/2025,15
32681,13/12/2025,15
32677,13/12/2025,15
32614,13/12/2025,15
32613,13/12/2025,15
32273,13/12/2025,15
32139,13/12/2025,15
31960,13/12/2025,15
31911,13/12/2025,15
31891,13/12/2025,15
31489,13/12/2025,15
31334,13/12/2025,15
31325,13/12/2025,15
31305,13/12/2025,15
30922,13/12/2025,15
30893,13/12/2025,15
30805,13/12/2025,15
30766,13/12/2025,15
30352,13/12/2025,15
29996,13/12/2025,15
29857,13/12/2025,15
28758,13/12/2025,15
28748,13/12/2025,15
28746,13/12/2025,15
28663,13/12/2025,15
28341,13/12/2025,15
28300,13/12/2025,15
28245,13/12/2025,15
28240,13/12/2025,15
28226,13/12/2025,15
28213,13/12/2025,15
27504,13/12/2025,15
27501,13/12/2025,15
27459,13/12/2025,15
27445,13/12/2025,15
27057,13/12/2025,15
26194,13/12/2025,15
26077,13/12/2025,15
25936,13/12/2025,15
25766,13/12/2025,15
25755,13/12/2025,15
25754,13/12/2025,15
25656,13/12/2025,15
25591,13/12/2025,15
25576,13/12/2025,15
23592,13/12/2025,15
22726,13/12/2025,15
22552,13/12/2025,15
22539,13/12/2025,15
22376,13/12/2025,15
21734,13/12/2025,15
20506,13/12/2025,15
19780,13/12/2025,15
18967,13/12/2025,15
18433,13/12/2025,15
16774,13/12/2025,15
16136,13/12/2025,15
14160,13/12/2025,15
13645,13/12/2025,15
11312,13/12/2025,15
37635,12/12/2025,15
37632,12/12/2025,15
37624,12/12/2025,15
37565,12/12/2025,15
36939,12/12/2025,15
36938,12/12/2025,15
36936,12/12/2025,15
36934,12/12/2025,15
36930,12/12/2025,15
36928,12/12/2025,15
36742,12/12/2025,15
36523,12/12/2025,15
36476,12/12/2025,15
36445,12/12/2025,15
36414,12/12/2025,15
36303,12/12/2025,15
36284,12/12/2025,15
36218,12/12/2025,15
36045,12/12/2025,15
35537,12/12/2025,15
35474,12/12/2025,15
35453,12/12/2025,15
35260,12/12/2025,15
35255,12/12/2025,15
35230,12/12/2025,15
35091,12/12/2025,15
35079,12/12/2025,15
35078,12/12/2025,15
35075,12/12/2025,15
35074,12/12/2025,15
35067,12/12/2025,15
35052,12/12/2025,15
35048,12/12/2025,15
35043,12/12/2025,15
34653,12/12/2025,15
34465,12/12/2025,15
34410,12/12/2025,15
34404,12/12/2025,15
34398,12/12/2025,15
34296,12/12/2025,15
34172,12/12/2025,15
34165,12/12/2025,15
34108,12/12/2025,15
34052,12/12/2025,15
33910,12/12/2025,15
33800,12/12/2025,15
33749,12/12/2025,15
33473,12/12/2025,15
33463,12/12/2025,15
33443,12/12/2025,15
33361,12/12/2025,15
33359,12/12/2025,15
33347,12/12/2025,15
33328,12/12/2025,15
33322,12/12/2025,15
33307,12/12/2025,15
33213,12/12/2025,15
33183,12/12/2025,15
32945,12/12/2025,15
32878,12/12/2025,15
32875,12/12/2025,15
32861,12/12/2025,15
32828,12/12/2025,15
32816,12/12/2025,15
32790,12/12/2025,15
32785,12/12/2025,15
32677,12/12/2025,15
32581,12/12/2025,15
32333,12/12/2025,15
32273,12/12/2025,15
32139,12/12/2025,15
32103,12/12/2025,15
31960,12/12/2025,15
31911,12/12/2025,15
31891,12/12/2025,15
31884,12/12/2025,15
31325,12/12/2025,15
31308,12/12/2025,15
31305,12/12/2025,15
30925,12/12/2025,15
30922,12/12/2025,15
30805,12/12/2025,15
30349,12/12/2025,15
30174,12/12/2025,15
29992,12/12/2025,15
29857,12/12/2025,15
29779,12/12/2025,15
29776,12/12/2025,15
29516,12/12/2025,15
28772,12/12/2025,15
28748,12/12/2025,15
28746,12/12/2025,15
28647,12/12/2025,15
28341,12/12/2025,15
28240,12/12/2025,15
28226,12/12/2025,15
28221,12/12/2025,15
27504,12/12/2025,15
27445,12/12/2025,15
27057,12/12/2025,15
27054,12/12/2025,15
27052,12/12/2025,15
25915,12/12/2025,15
25811,12/12/2025,15
25767,12/12/2025,15
25766,12/12/2025,15
25755,12/12/2025,15
25754,12/12/2025,15
25673,12/12/2025,15
25668,12/12/2025,15
25656,12/12/2025,15
25643,12/12/2025,15
25576,12/12/2025,15
22726,12/12/2025,15
19780,12/12/2025,15
18967,12/12/2025,15
18552,12/12/2025,15
15167,12/12/2025,15
14939,12/12/2025,15
14928,12/12/2025,15
12498,12/12/2025,15
37636,11/12/2025,15
37635,11/12/2025,15
37632,11/12/2025,15
37624,11/12/2025,15
37565,11/12/2025,15
37012,11/12/2025,15
36936,11/12/2025,15
36934,11/12/2025,15
36930,11/12/2025,15
36928,11/12/2025,15
36751,11/12/2025,15
36742,11/12/2025,15
36589,11/12/2025,15
36476,11/12/2025,15
36303,11/12/2025,15
36284,11/12/2025,15
36260,11/12/2025,15
36218,11/12/2025,15
36051,11/12/2025,15
35548,11/12/2025,15
35474,11/12/2025,15
35453,11/12/2025,15
35408,11/12/2025,15
35260,11/12/2025,15
35255,11/12/2025,15
35167,11/12/2025,15
35079,11/12/2025,15
35075,11/12/2025,15
35072,11/12/2025,15
35067,11/12/2025,15
35052,11/12/2025,15
35043,11/12/2025,15
34979,11/12/2025,15
34653,11/12/2025,15
34399,11/12/2025,15
34398,11/12/2025,15
34296,11/12/2025,15
34189,11/12/2025,15
34187,11/12/2025,15
34165,11/12/2025,15
33949,11/12/2025,15
33800,11/12/2025,15
33793,11/12/2025,15
33347,11/12/2025,15
33322,11/12/2025,15
33307,11/12/2025,15
33199,11/12/2025,15
32973,11/12/2025,15
32945,11/12/2025,15
32861,11/12/2025,15
32790,11/12/2025,15
32698,11/12/2025,15
32677,11/12/2025,15
32581,11/12/2025,15
32333,11/12/2025,15
32279,11/12/2025,15
32139,11/12/2025,15
32103,11/12/2025,15
31960,11/12/2025,15
31325,11/12/2025,15
31308,11/12/2025,15
31305,11/12/2025,15
30922,11/12/2025,15
30805,11/12/2025,15
30388,11/12/2025,15
30352,11/12/2025,15
30195,11/12/2025,15
30174,11/12/2025,15
29857,11/12/2025,15
29516,11/12/2025,15
28761,11/12/2025,15
28758,11/12/2025,15
28748,11/12/2025,15
28746,11/12/2025,15
28647,11/12/2025,15
28341,11/12/2025,15
28240,11/12/2025,15
28221,11/12/2025,15
27504,11/12/2025,15
27445,11/12/2025,15
27220,11/12/2025,15
27057,11/12/2025,15
25766,11/12/2025,15
25755,11/12/2025,15
25656,11/12/2025,15
25643,11/12/2025,15
22726,11/12/2025,15
21734,11/12/2025,15
19780,11/12/2025,15
19662,11/12/2025,15
18967,11/12/2025,15
18552,11/12/2025,15
16355,11/12/2025,15
15167,11/12/2025,15
15087,11/12/2025,15
14928,11/12/2025,15
14091,11/12/2025,15
11312,11/12/2025,15
7787,11/12/2025,15
37636,10/12/2025,15
37632,10/12/2025,15
37624,10/12/2025,15
37565,10/12/2025,15
37012,10/12/2025,15
36938,10/12/2025,15
36936,10/12/2025,15
36934,10/12/2025,15
36930,10/12/2025,15
36751,10/12/2025,15
36742,10/12/2025,15
36543,10/12/2025,15
36523,10/12/2025,15
36476,10/12/2025,15
36445,10/12/2025,15
36404,10/12/2025,15
36331,10/12/2025,15
36303,10/12/2025,15
36284,10/12/2025,15
36218,10/12/2025,15
35548,10/12/2025,15
35474,10/12/2025,15
35453,10/12/2025,15
35408,10/12/2025,15
35260,10/12/2025,15
35255,10/12/2025,15
35167,10/12/2025,15
35082,10/12/2025,15
35079,10/12/2025,15
35078,10/12/2025,15
35075,10/12/2025,15
35067,10/12/2025,15
35048,10/12/2025,15
35043,10/12/2025,15
35010,10/12/2025,15
34979,10/12/2025,15
34653,10/12/2025,15
34544,10/12/2025,15
34470,10/12/2025,15
34333,10/12/2025,15
34296,10/12/2025,15
34172,10/12/2025,15
34057,10/12/2025,15
34038,10/12/2025,15
33949,10/12/2025,15
33800,10/12/2025,15
33749,10/12/2025,15
33474,10/12/2025,15
33361,10/12/2025,15
33347,10/12/2025,15
33322,10/12/2025,15
33307,10/12/2025,15
33305,10/12/2025,15
33199,10/12/2025,15
33115,10/12/2025,15
33049,10/12/2025,15
32977,10/12/2025,15
32973,10/12/2025,15
32945,10/12/2025,15
32873,10/12/2025,15
32861,10/12/2025,15
32790,10/12/2025,15
32716,10/12/2025,15
32677,10/12/2025,15
31960,10/12/2025,15
31943,10/12/2025,15
31702,10/12/2025,15
31525,10/12/2025,15
31325,10/12/2025,15
31305,10/12/2025,15
30925,10/12/2025,15
30805,10/12/2025,15
30519,10/12/2025,15
30352,10/12/2025,15
30349,10/12/2025,15
30172,10/12/2025,15
29996,10/12/2025,15
29857,10/12/2025,15
29439,10/12/2025,15
28772,10/12/2025,15
28748,10/12/2025,15
28746,10/12/2025,15
28647,10/12/2025,15
28341,10/12/2025,15
28240,10/12/2025,15
28226,10/12/2025,15
28221,10/12/2025,15
27483,10/12/2025,15
27445,10/12/2025,15
27108,10/12/2025,15
26077,10/12/2025,15
26005,10/12/2025,15
25766,10/12/2025,15
25755,10/12/2025,15
25633,10/12/2025,15
25576,10/12/2025,15
22552,10/12/2025,15
22551,10/12/2025,15
22413,10/12/2025,15
21734,10/12/2025,15
20504,10/12/2025,15
19780,10/12/2025,15
19673,10/12/2025,15
18552,10/12/2025,15
15928,10/12/2025,15
15793,10/12/2025,15
15167,10/12/2025,15
14928,10/12/2025,15
11312,10/12/2025,15
9630,10/12/2025,15
37636,09/12/2025,15
37635,09/12/2025,15
37632,09/12/2025,15
37624,09/12/2025,15
37012,09/12/2025,15
36980,09/12/2025,15
36938,09/12/2025,15
36936,09/12/2025,15
36928,09/12/2025,15
36756,09/12/2025,15
36750,09/12/2025,15
36742,09/12/2025,15
36631,09/12/2025,15
36553,09/12/2025,15
36476,09/12/2025,15
36475,09/12/2025,15
36445,09/12/2025,15
36404,09/12/2025,15
36331,09/12/2025,15
36303,09/12/2025,15
36218,09/12/2025,15
35548,09/12/2025,15
35496,09/12/2025,15
35453,09/12/2025,15
35408,09/12/2025,15
35260,09/12/2025,15
35255,09/12/2025,15
35223,09/12/2025,15
35167,09/12/2025,15
35091,09/12/2025,15
35079,09/12/2025,15
35078,09/12/2025,15
35067,09/12/2025,15
35052,09/12/2025,15
35048,09/12/2025,15
35010,09/12/2025,15
34979,09/12/2025,15
34653,09/12/2025,15
34470,09/12/2025,15
34404,09/12/2025,15
34399,09/12/2025,15
34398,09/12/2025,15
34187,09/12/2025,15
34165,09/12/2025,15
34108,09/12/2025,15
34057,09/12/2025,15
33749,09/12/2025,15
33474,09/12/2025,15
33468,09/12/2025,15
33361,09/12/2025,15
33347,09/12/2025,15
33311,09/12/2025,15
33301,09/12/2025,15
33199,09/12/2025,15
33115,09/12/2025,15
33108,09/12/2025,15
32861,09/12/2025,15
32790,09/12/2025,15
32785,09/12/2025,15
32716,09/12/2025,15
32677,09/12/2025,15
32548,09/12/2025,15
32333,09/12/2025,15
32139,09/12/2025,15
32135,09/12/2025,15
32103,09/12/2025,15
31489,09/12/2025,15
31483,09/12/2025,15
31325,09/12/2025,15
30922,09/12/2025,15
30760,09/12/2025,15
30349,09/12/2025,15
30325,09/12/2025,15
29857,09/12/2025,15
29517,09/12/2025,15
29439,09/12/2025,15
28761,09/12/2025,15
28746,09/12/2025,15
28647,09/12/2025,15
28259,09/12/2025,15
28240,09/12/2025,15
28226,09/12/2025,15
28221,09/12/2025,15
27504,09/12/2025,15
27445,09/12/2025,15
27211,09/12/2025,15
27057,09/12/2025,15
26578,09/12/2025,15
25812,09/12/2025,15
25755,09/12/2025,15
25668,09/12/2025,15
25656,09/12/2025,15
25576,09/12/2025,15
22726,09/12/2025,15
19780,09/12/2025,15
19293,09/12/2025,15
18552,09/12/2025,15
18332,09/12/2025,15
15475,09/12/2025,15
15167,09/12/2025,15
14931,09/12/2025,15
14928,09/12/2025,15
11312,09/12/2025,15
8055,09/12/2025,15
37636,08/12/2025,15
37635,08/12/2025,15
37565,08/12/2025,15
37012,08/12/2025,15
36945,08/12/2025,15
36938,08/12/2025,15
36930,08/12/2025,15
36928,08/12/2025,15
36756,08/12/2025,15
36751,08/12/2025,15
36456,08/12/2025,15
36404,08/12/2025,15
36284,08/12/2025,15
35548,08/12/2025,15
35474,08/12/2025,15
35408,08/12/2025,15
35082,08/12/2025,15
35079,08/12/2025,15
35078,08/12/2025,15
35052,08/12/2025,15
35048,08/12/2025,15
34979,08/12/2025,15
34544,08/12/2025,15
34398,08/12/2025,15
34333,08/12/2025,15
34296,08/12/2025,15
34189,08/12/2025,15
34165,08/12/2025,15
33772,08/12/2025,15
33749,08/12/2025,15
33361,08/12/2025,15
33307,08/12/2025,15
33232,08/12/2025,15
33199,08/12/2025,15
33183,08/12/2025,15
33115,08/12/2025,15
33031,08/12/2025,15
32716,08/12/2025,15
32583,08/12/2025,15
32333,08/12/2025,15
32290,08/12/2025,15
32139,08/12/2025,15
31960,08/12/2025,15
31498,08/12/2025,15
31489,08/12/2025,15
31159,08/12/2025,15
30922,08/12/2025,15
30805,08/12/2025,15
30396,08/12/2025,15
30349,08/12/2025,15
29439,08/12/2025,15
29008,08/12/2025,15
28755,08/12/2025,15
28748,08/12/2025,15
28650,08/12/2025,15
28341,08/12/2025,15
28226,08/12/2025,15
27500,08/12/2025,15
27495,08/12/2025,15
27406,08/12/2025,15
27211,08/12/2025,15
27057,08/12/2025,15
26005,08/12/2025,15
26000,08/12/2025,15
25812,08/12/2025,15
25656,08/12/2025,15
25576,08/12/2025,15
22726,08/12/2025,15
22413,08/12/2025,15
22393,08/12/2025,15
21734,08/12/2025,15
20517,08/12/2025,15
19729,08/12/2025,15
18552,08/12/2025,15
18540,08/12/2025,15
18332,08/12/2025,15
14931,08/12/2025,15
14928,08/12/2025,15
11312,08/12/2025,15
2646,08/12/2025,15
37636,07/12/2025,15
37635,07/12/2025,15
37565,07/12/2025,15
37222,07/12/2025,15
36945,07/12/2025,15
36938,07/12/2025,15
36930,07/12/2025,15
36928,07/12/2025,15
36756,07/12/2025,15
36751,07/12/2025,15
36742,07/12/2025,15
36473,07/12/2025,15
36404,07/12/2025,15
36401,07/12/2025,15
36303,07/12/2025,15
36284,07/12/2025,15
35738,07/12/2025,15
35548,07/12/2025,15
35408,07/12/2025,15
35167,07/12/2025,15
35091,07/12/2025,15
35079,07/12/2025,15
35078,07/12/2025,15
35077,07/12/2025,15
35076,07/12/2025,15
35052,07/12/2025,15
35048,07/12/2025,15
35010,07/12/2025,15
34414,07/12/2025,15
34398,07/12/2025,15
34333,07/12/2025,15
34296,07/12/2025,15
34165,07/12/2025,15
34060,07/12/2025,15
34057,07/12/2025,15
33910,07/12/2025,15
33839,07/12/2025,15
33749,07/12/2025,15
33473,07/12/2025,15
33463,07/12/2025,15
33361,07/12/2025,15
33322,07/12/2025,15
33307,07/12/2025,15
33301,07/12/2025,15
33232,07/12/2025,15
33213,07/12/2025,15
33199,07/12/2025,15
33183,07/12/2025,15
33115,07/12/2025,15
32977,07/12/2025,15
32876,07/12/2025,15
32861,07/12/2025,15
32814,07/12/2025,15
32716,07/12/2025,15
32698,07/12/2025,15
32677,07/12/2025,15
32333,07/12/2025,15
32281,07/12/2025,15
32140,07/12/2025,15
32139,07/12/2025,15
31960,07/12/2025,15
31875,07/12/2025,15
31525,07/12/2025,15
31489,07/12/2025,15
31325,07/12/2025,15
30922,07/12/2025,15
30805,07/12/2025,15
30396,07/12/2025,15
30349,07/12/2025,15
30174,07/12/2025,15
30026,07/12/2025,15
29990,07/12/2025,15
29908,07/12/2025,15
29857,07/12/2025,15
29617,07/12/2025,15
29440,07/12/2025,15
28748,07/12/2025,15
28746,07/12/2025,15
28665,07/12/2025,15
28341,07/12/2025,15
28304,07/12/2025,15
28226,07/12/2025,15
27406,07/12/2025,15
27211,07/12/2025,15
27108,07/12/2025,15
27023,07/12/2025,15
26005,07/12/2025,15
26000,07/12/2025,15
25967,07/12/2025,15
25755,07/12/2025,15
25656,07/12/2025,15
25608,07/12/2025,15
25594,07/12/2025,15
25593,07/12/2025,15
25576,07/12/2025,15
22726,07/12/2025,15
22579,07/12/2025,15
21734,07/12/2025,15
19780,07/12/2025,15
19673,07/12/2025,15
19037,07/12/2025,15
19022,07/12/2025,15
18552,07/12/2025,15
18431,07/12/2025,15
18332,07/12/2025,15
17106,07/12/2025,15
16365,07/12/2025,15
16355,07/12/2025,15
16153,07/12/2025,15
14931,07/12/2025,15
14928,07/12/2025,15
12751,07/12/2025,15
11312,07/12/2025,15
2646,07/12/2025,15
37636,06/12/2025,15
37635,06/12/2025,15
37632,06/12/2025,15
37624,06/12/2025,15
37565,06/12/2025,15
37222,06/12/2025,15
36942,06/12/2025,15
36938,06/12/2025,15
36930,06/12/2025,15
36928,06/12/2025,15
36756,06/12/2025,15
36751,06/12/2025,15
36742,06/12/2025,15
36476,06/12/2025,15
36404,06/12/2025,15
36303,06/12/2025,15
36284,06/12/2025,15
36218,06/12/2025,15
35738,06/12/2025,15
35548,06/12/2025,15
35474,06/12/2025,15
35453,06/12/2025,15
35408,06/12/2025,15
35260,06/12/2025,15
35255,06/12/2025,15
35167,06/12/2025,15
35166,06/12/2025,15
35091,06/12/2025,15
35078,06/12/2025,15
35077,06/12/2025,15
35052,06/12/2025,15
35048,06/12/2025,15
35046,06/12/2025,15
35013,06/12/2025,15
35010,06/12/2025,15
34398,06/12/2025,15
34296,06/12/2025,15
34165,06/12/2025,15
34057,06/12/2025,15
33749,06/12/2025,15
33722,06/12/2025,15
33473,06/12/2025,15
33463,06/12/2025,15
33361,06/12/2025,15
33322,06/12/2025,15
33307,06/12/2025,15
33301,06/12/2025,15
33215,06/12/2025,15
33213,06/12/2025,15
33199,06/12/2025,15
33195,06/12/2025,15
33115,06/12/2025,15
32977,06/12/2025,15
32861,06/12/2025,15
32716,06/12/2025,15
32715,06/12/2025,15
32698,06/12/2025,15
32677,06/12/2025,15
32538,06/12/2025,15
32273,06/12/2025,15
32139,06/12/2025,15
31960,06/12/2025,15
31489,06/12/2025,15
31325,06/12/2025,15
31299,06/12/2025,15
30922,06/12/2025,15
30349,06/12/2025,15
30174,06/12/2025,15
29857,06/12/2025,15
28748,06/12/2025,15
28746,06/12/2025,15
28304,06/12/2025,15
27445,06/12/2025,15
27259,06/12/2025,15
27211,06/12/2025,15
26005,06/12/2025,15
26000,06/12/2025,15
25967,06/12/2025,15
25755,06/12/2025,15
25656,06/12/2025,15
22726,06/12/2025,15
22579,06/12/2025,15
20506,06/12/2025,15
19780,06/12/2025,15
19037,06/12/2025,15
18431,06/12/2025,15
18332,06/12/2025,15
16388,06/12/2025,15
14581,06/12/2025,15
12751,06/12/2025,15
11312,06/12/2025,15
37635,05/12/2025,15
37632,05/12/2025,15
37624,05/12/2025,15
37606,05/12/2025,15
37565,05/12/2025,15
37094,05/12/2025,15
36941,05/12/2025,15
36938,05/12/2025,15
36930,05/12/2025,15
36928,05/12/2025,15
36751,05/12/2025,15
36742,05/12/2025,15
36476,05/12/2025,15
36303,05/12/2025,15
36284,05/12/2025,15
36218,05/12/2025,15
35515,05/12/2025,15
35461,05/12/2025,15
35453,05/12/2025,15
35260,05/12/2025,15
35255,05/12/2025,15
35091,05/12/2025,15
35079,05/12/2025,15
35078,05/12/2025,15
35052,05/12/2025,15
35048,05/12/2025,15
35046,05/12/2025,15
34398,05/12/2025,15
34296,05/12/2025,15
34165,05/12/2025,15
33772,05/12/2025,15
33749,05/12/2025,15
33473,05/12/2025,15
33463,05/12/2025,15
33361,05/12/2025,15
33349,05/12/2025,15
33324,05/12/2025,15
33322,05/12/2025,15
33307,05/12/2025,15
33301,05/12/2025,15
33232,05/12/2025,15
33213,05/12/2025,15
33195,05/12/2025,15
33115,05/12/2025,15
32861,05/12/2025,15
32846,05/12/2025,15
32790,05/12/2025,15
32716,05/12/2025,15
32698,05/12/2025,15
32677,05/12/2025,15
32565,05/12/2025,15
32333,05/12/2025,15
32273,05/12/2025,15
32139,05/12/2025,15
31960,05/12/2025,15
31940,05/12/2025,15
31489,05/12/2025,15
31325,05/12/2025,15
31308,05/12/2025,15
30922,05/12/2025,15
30805,05/12/2025,15
30349,05/12/2025,15
30174,05/12/2025,15
29857,05/12/2025,15
29781,05/12/2025,15
28758,05/12/2025,15
28748,05/12/2025,15
28746,05/12/2025,15
28652,05/12/2025,15
28647,05/12/2025,15
28341,05/12/2025,15
27211,05/12/2025,15
27057,05/12/2025,15
27054,05/12/2025,15
25916,05/12/2025,15
25811,05/12/2025,15
25668,05/12/2025,15
25656,05/12/2025,15
25591,05/12/2025,15
22726,05/12/2025,15
22393,05/12/2025,15
20735,05/12/2025,15
19780,05/12/2025,15
18430,05/12/2025,15
18332,05/12/2025,15
17822,05/12/2025,15
14928,05/12/2025,15
14604,05/12/2025,15
12751,05/12/2025,15
37636,04/12/2025,15
37635,04/12/2025,15
37632,04/12/2025,15
37624,04/12/2025,15
37565,04/12/2025,15
36930,04/12/2025,15
36928,04/12/2025,15
36751,04/12/2025,15
36744,04/12/2025,15
36742,04/12/2025,15
36562,04/12/2025,15
36476,04/12/2025,15
36303,04/12/2025,15
36284,04/12/2025,15
36260,04/12/2025,15
36218,04/12/2025,15
35548,04/12/2025,15
35474,04/12/2025,15
35453,04/12/2025,15
35408,04/12/2025,15
35260,04/12/2025,15
35255,04/12/2025,15
35167,04/12/2025,15
35079,04/12/2025,15
35052,04/12/2025,15
34589,04/12/2025,15
34398,04/12/2025,15
34296,04/12/2025,15
34108,04/12/2025,15
34071,04/12/2025,15
33995,04/12/2025,15
33908,04/12/2025,15
33477,04/12/2025,15
33473,04/12/2025,15
33351,04/12/2025,15
33322,04/12/2025,15
33307,04/12/2025,15
33299,04/12/2025,15
33232,04/12/2025,15
32861,04/12/2025,15
32828,04/12/2025,15
32790,04/12/2025,15
32698,04/12/2025,15
32677,04/12/2025,15
32581,04/12/2025,15
32139,04/12/2025,15
31325,04/12/2025,15
31308,04/12/2025,15
30922,04/12/2025,15
30822,04/12/2025,15
30805,04/12/2025,15
30759,04/12/2025,15
30519,04/12/2025,15
29857,04/12/2025,15
28748,04/12/2025,15
28746,04/12/2025,15
28647,04/12/2025,15
27057,04/12/2025,15
25812,04/12/2025,15
25656,04/12/2025,15
25608,04/12/2025,15
22726,04/12/2025,15
22413,04/12/2025,15
19895,04/12/2025,15
19780,04/12/2025,15
19673,04/12/2025,15
19662,04/12/2025,15
18540,04/12/2025,15
18332,04/12/2025,15
15279,04/12/2025,15
15025,04/12/2025,15
14928,04/12/2025,15
12192,04/12/2025,15
11312,04/12/2025,15
37636,03/12/2025,15
37632,03/12/2025,15
37624,03/12/2025,15
37565,03/12/2025,15
36938,03/12/2025,15
36930,03/12/2025,15
36751,03/12/2025,15
36744,03/12/2025,15
36562,03/12/2025,15
36476,03/12/2025,15
36475,03/12/2025,15
36303,03/12/2025,15
36284,03/12/2025,15
36218,03/12/2025,15
35552,03/12/2025,15
35548,03/12/2025,15
35474,03/12/2025,15
35453,03/12/2025,15
35408,03/12/2025,15
35260,03/12/2025,15
35255,03/12/2025,15
35079,03/12/2025,15
35078,03/12/2025,15
35048,03/12/2025,15
34616,03/12/2025,15
34589,03/12/2025,15
34296,03/12/2025,15
34038,03/12/2025,15
34027,03/12/2025,15
33908,03/12/2025,15
33810,03/12/2025,15
33749,03/12/2025,15
33361,03/12/2025,15
33351,03/12/2025,15
33350,03/12/2025,15
33322,03/12/2025,15
33307,03/12/2025,15
33115,03/12/2025,15
33078,03/12/2025,15
33049,03/12/2025,15
32977,03/12/2025,15
32861,03/12/2025,15
32790,03/12/2025,15
32677,03/12/2025,15
32612,03/12/2025,15
32581,03/12/2025,15
32538,03/12/2025,15
32333,03/12/2025,15
31943,03/12/2025,15
31506,03/12/2025,15
31325,03/12/2025,15
30822,03/12/2025,15
30805,03/12/2025,15
30388,03/12/2025,15
30349,03/12/2025,15
29994,03/12/2025,15
29857,03/12/2025,15
28748,03/12/2025,15
28746,03/12/2025,15
28647,03/12/2025,15
28211,03/12/2025,15
26578,03/12/2025,15
25936,03/12/2025,15
25812,03/12/2025,15
25755,03/12/2025,15
25693,03/12/2025,15
25640,03/12/2025,15
22413,03/12/2025,15
19780,03/12/2025,15
16952,03/12/2025,15
14928,03/12/2025,15
11312,03/12/2025,15
37737,02/12/2025,15
37632,02/12/2025,15
37624,02/12/2025,15
36980,02/12/2025,15
36938,02/12/2025,15
36928,02/12/2025,15
36742,02/12/2025,15
36476,02/12/2025,15
36331,02/12/2025,15
36303,02/12/2025,15
36218,02/12/2025,15
35548,02/12/2025,15
35453,02/12/2025,15
35408,02/12/2025,15
35260,02/12/2025,15
35255,02/12/2025,15
35079,02/12/2025,15
35078,02/12/2025,15
35052,02/12/2025,15
35048,02/12/2025,15
34979,02/12/2025,15
34470,02/12/2025,15
34399,02/12/2025,15
34398,02/12/2025,15
34108,02/12/2025,15
34062,02/12/2025,15
34057,02/12/2025,15
34027,02/12/2025,15
33772,02/12/2025,15
33749,02/12/2025,15
33361,02/12/2025,15
33351,02/12/2025,15
33322,02/12/2025,15
33319,02/12/2025,15
33213,02/12/2025,15
33115,02/12/2025,15
32876,02/12/2025,15
32861,02/12/2025,15
32846,02/12/2025,15
32814,02/12/2025,15
32790,02/12/2025,15
32677,02/12/2025,15
32548,02/12/2025,15
32139,02/12/2025,15
32103,02/12/2025,15
31875,02/12/2025,15
31489,02/12/2025,15
31325,02/12/2025,15
30922,02/12/2025,15
30909,02/12/2025,15
30396,02/12/2025,15
30349,02/12/2025,15
29986,02/12/2025,15
29857,02/12/2025,15
28746,02/12/2025,15
28647,02/12/2025,15
27478,02/12/2025,15
27057,02/12/2025,15
27056,02/12/2025,15
26578,02/12/2025,15
26000,02/12/2025,15
25812,02/12/2025,15
25771,02/12/2025,15
25693,02/12/2025,15
25656,02/12/2025,15
22726,02/12/2025,15
22413,02/12/2025,15
19896,02/12/2025,15
19780,02/12/2025,15
18332,02/12/2025,15
16355,02/12/2025,15
14928,02/12/2025,15
11312,02/12/2025,15
37632,01/12/2025,15
37624,01/12/2025,15
37617,01/12/2025,15
37565,01/12/2025,15
37225,01/12/2025,15
36938,01/12/2025,15
36935,01/12/2025,15
36930,01/12/2025,15
36928,01/12/2025,15
36927,01/12/2025,15
36774,01/12/2025,15
36744,01/12/2025,15
36476,01/12/2025,15
36449,01/12/2025,15
36284,01/12/2025,15
36218,01/12/2025,15
35548,01/12/2025,15
35453,01/12/2025,15
35408,01/12/2025,15
35260,01/12/2025,15
35255,01/12/2025,15
35091,01/12/2025,15
35079,01/12/2025,15
35078,01/12/2025,15
35072,01/12/2025,15
35052,01/12/2025,15
35048,01/12/2025,15
34977,01/12/2025,15
34470,01/12/2025,15
34468,01/12/2025,15
34423,01/12/2025,15
34398,01/12/2025,15
34296,01/12/2025,15
34189,01/12/2025,15
34027,01/12/2025,15
33910,01/12/2025,15
33837,01/12/2025,15
33749,01/12/2025,15
33361,01/12/2025,15
33351,01/12/2025,15
33324,01/12/2025,15
33320,01/12/2025,15
33307,01/12/2025,15
33115,01/12/2025,15
32870,01/12/2025,15
32814,01/12/2025,15
32785,01/12/2025,15
32716,01/12/2025,15
32333,01/12/2025,15
32139,01/12/2025,15
30922,01/12/2025,15
30805,01/12/2025,15
30349,01/12/2025,15
29996,01/12/2025,15
29992,01/12/2025,15
29440,01/12/2025,15
29008,01/12/2025,15
28748,01/12/2025,15
28647,01/12/2025,15
27057,01/12/2025,15
27054,01/12/2025,15
26578,01/12/2025,15
25936,01/12/2025,15
25656,01/12/2025,15
25623,01/12/2025,15
25577,01/12/2025,15
24179,01/12/2025,15
22726,01/12/2025,15
22551,01/12/2025,15
22413,01/12/2025,15
18430,01/12/2025,15
18332,01/12/2025,15
17253,01/12/2025,15
16971,01/12/2025,15
14928,01/12/2025,15
12751,01/12/2025,15
11312,01/12/2025,15
8038,01/12/2025,15
2646,01/12/2025,15